{
	"100 Overlook Center" : [40.32485, -74.648317],
	"11 University Place" : [40.348005, -74.662894],
	"114-116 Nassau Street" : [40.350227, -74.658983],
	"116 Prospect Avenue" : [40.349884, -74.648588],
	"120 Alexander Street" : [40.34241, -74.660143],
	"126 Alexander Street" : [40.342244, -74.660006],
	"130 University Place" : [40.342496, -74.659653],
	"136 Alexander Street" : [40.341952, -74.659849],
	"161 Nassau Court" : [40.350281, -74.656187],
	"165-167 Nassau Court" : [40.350344, -74.656046],
	"169 Nassau Street" : [40.350563, -74.656076],
	"171 Broadmead Street" : [40.347604, -74.644729],
	"172 Alexander Street" : [40.340944, -74.658908],
	"173 Nassau Street" : [40.350593, -74.655944],
	"175 Nassau Street" : [40.350613, -74.655871],
	"179 Nassau Street" : [40.350668, -74.655651],
	"180 Alexander Street" : [40.340777, -74.658797],
	"185 Broadmead" : [40.346878, -74.644284],
	"185 Nassau Street" : [40.350679, -74.654896],
	"1879 Hall" : [40.347702, -74.655293],
	"1895 Field Dugout" : [40.342636, -74.655069],
	"1901-Laughlin Hall" : [40.346086, -74.660183],
	"1903 Hall" : [40.34605, -74.657086],
	"1912 Pavilion" : [40.343064, -74.653828],
	"1915 Hall" : [40.344706, -74.656903],
	"192 Nassau Street" : [40.35127, -74.65533],
	"1927 - Clapp Hall" : [40.345201, -74.655753],
	"1937 Hall" : [40.34589, -74.656182],
	"1938 Hall" : [40.34505, -74.655391],
	"1939 Hall" : [40.345346, -74.656472],
	"194 Alexander Street" : [40.340032, -74.658496],
	"194 Nassau Street" : [40.351318, -74.655151],
	"1952 Stadium" : [40.341099, -74.651762],
	"1967 Hall" : [40.344047, -74.655778],
	"1976 Hall" : [40.344555, -74.655525],
	"1981 Hall" : [40.343682, -74.657324],
	"199 Nassau Street" : [40.35112, -74.654201],
	"2 Dickinson Street" : [40.34578, -74.661125],
	"2-4 Nassau Street" : [40.348868, -74.663513],
	"200 Elm Drive" : [40.342757, -74.657079],
	"201 Forrestal Road" : [40.345446, -74.616458],
	"201 Nassau Street" : [40.351056, -74.654045],
	"22 Chambers Street" : [40.349899, -74.663187],
	"221 Nassau Street" : [40.351452, -74.652963],
	"228 Alexander Street" : [40.339244, -74.657596],
	"23 University Place" : [40.347474, -74.662554],
	"26 College Road West" : [40.343147, -74.663265],
	"262 Alexander Street" : [40.338736, -74.657024],
	"262A Alexander Street" : [40.338503, -74.656844],
	"272 Alexander Street" : [40.338304, -74.656789],
	"282 Alexander Street" : [40.337643, -74.656482],
	"29 Murray Place" : [40.351478, -74.649186],
	"294 Alexander Street" : [40.337346, -74.656089],
	"2B Auditorium Building" : [40.34439, -74.615382],
	"303 College Road East" : [40.356597, -74.594765],
	"306 Alexander Street" : [40.336977, -74.655909],
	"34 Chambers Street" : [40.350254, -74.663401],
	"350 Alexander Street" : [40.335417, -74.654464],
	"36 University Place" : [40.347123, -74.661532],
	"39 University Place" : [40.346692, -74.661906],
	"41 University Place" : [40.3466, -74.66182],
	"42 William Street" : [40.350311, -74.653995],
	"48 University Place" : [40.346506, -74.661173],
	"4A Chemical Sciences Building" : [40.346001, -74.615017],
	"4B Isotope Separator Building" : [40.345805, -74.614968],
	"5 Ivy Lane" : [40.346813, -74.652989],
	"693 Alexander Road" : [40.324174, -74.639372],
	"6A-C Machine Shops Buildings" : [40.345699, -74.614305],
	"700 Forrestal Road" : [40.346567, -74.613902],
	"701 Carnegie Center" : [40.323761, -74.649213],
	"71 University Place" : [40.34545, -74.660911],
	"755 Alexander Road" : [40.321497, -74.634917],
	"81 Alexander Street" : [40.343078, -74.661634],
	"87 Prospect Avenue" : [40.348392, -74.648845],
	"91 Prospect Avenue" : [40.349046, -74.649056],
	"99 Alexander Street" : [40.342968, -74.661319],
	"9A Cafeteria/Power House" : [40.346718, -74.614796],
	"Alexander Hall" : [40.348347, -74.660594],
	"Andlinger Center" : [40.350085, -74.650559],
	"Architecture Building" : [40.347818, -74.656227],
	"Architecture Laboratory" : [40.343593, -74.64992],
	"Art Museum" : [40.346995, -74.657624],
	"Arts Tower" : [40.342728, -74.659712],
	"Bainbridge House" : [40.350488, -74.657592],
	"Baker Hall" : [40.343544, -74.657761],
	"Baker Rink" : [40.342929, -74.657775],
	"Bendheim Finance" : [40.348793, -74.65345],
	"Bendheim Hall" : [40.348721, -74.654127],
	"Berlind Theatre" : [40.343803, -74.660412],
	"Biodigester" : [40.345808, -74.645878],
	"Blair Hall" : [40.347456, -74.661543],
	"Bloomberg Hall" : [40.343367, -74.655845],
	"Bobst Hall" : [40.348913, -74.649506],
	"Bogle Hall" : [40.344292, -74.655536],
	"Bowen Hall" : [40.349532, -74.650302],
	"Broadmead Swim Club" : [40.347528, -74.643466],
	"Brown Hall" : [40.346392, -74.657805],
	"Building C23 Theoretical Wing" : [40.349549, -74.603941],
	"Building C42 C.O.B" : [40.348993, -74.602973],
	"Bunn Building" : [40.334896, -74.643785],
	"Burr Hall" : [40.350205, -74.656566],
	"Buyers Hall" : [40.347404, -74.660717],
	"Caldwell Field House" : [40.34431, -74.64838],
	"Campbell Hall" : [40.348048, -74.661433],
	"Campus Club" : [40.34758, -74.654421],
	"Cannon Club" : [40.34779, -74.653322],
	"Cannon Green" : [40.348197, -74.659123],
	"Cap and Gown Club" : [40.348299, -74.651012],
	"Cargot Brasserie" : [40.343287, -74.659367],
	"Center for Jewish Life" : [40.346671, -74.653615],
	"Chancellor Green" : [40.349078, -74.658599],
	"Chapel" : [40.348864, -74.656881],
	"Charlton Street Substation" : [40.349264, -74.652454],
	"Charter Club" : [40.348768, -74.650027],
	"Chilled Water Plant" : [40.341827, -74.656687],
	"Clarke Field Dugout" : [40.347104, -74.648099],
	"Clarke Field Press Box" : [40.347374, -74.648135],
	"Clio Hall" : [40.347678, -74.659131],
	"Cloister Inn" : [40.348617, -74.650571],
	"Cogeneration Plant" : [40.341532, -74.6572],
	"Colonial Club" : [40.348864, -74.652815],
	"Community Hall" : [40.344184, -74.657647],
	"Computer Science Building" : [40.350276, -74.652261],
	"Cordish Family Pavilion" : [40.341468, -74.654461],
	"Corwin Hall" : [40.348895, -74.654311],
	"Cottage Club" : [40.348244, -74.651698],
	"Cuyler Hall" : [40.34596, -74.657449],
	"Davis International Center" : [40.333141, -74.64461],
	"DeNunzio Pool" : [40.343908, -74.647451],
	"Dickinson Hall" : [40.348897, -74.656211],
	"Dillon Court East" : [40.345269, -74.658209],
	"Dillon Court West" : [40.345123, -74.658503],
	"Dillon Gym" : [40.345591, -74.658756],
	"Dinky Bar &amp; Kitchen" : [40.343912, -74.659629],
	"Dod Hall" : [40.346799, -74.658661],
	"Dodge Hall" : [40.347953, -74.657903],
	"Dodge-Osborn Hall" : [40.345504, -74.655755],
	"East Pyne Building" : [40.348685, -74.658438],
	"Edwards Hall" : [40.347153, -74.65928],
	"Effron Music Building" : [40.342606, -74.659213],
	"Elementary Particles Lab East" : [40.344398, -74.644918],
	"Elementary Particles Lab West" : [40.344228, -74.645929],
	"Elm Drive Substation" : [40.341632, -74.657627],
	"Engineering Quad" : [40.35061, -74.651153],
	"Eno Hall" : [40.345419, -74.655298],
	"Feinberg Hall" : [40.345821, -74.65652],
	"Fields Center" : [40.349158, -74.651743],
	"Fine Hall" : [40.345803, -74.65226],
	"Firestone Library" : [40.349614, -74.657349],
	"Fisher Hall" : [40.34853, -74.654068],
	"Fisher Hall (Whitman)" : [40.344658, -74.658272],
	"FitzRandolph Observatory" : [40.345658, -74.645737],
	"Forbes Addition" : [40.341488, -74.660725],
	"Forbes Garden" : [40.343247, -74.662013],
	"Forbes Main" : [40.342146, -74.661155],
	"Forrestal Campus Data Center" : [40.346128, -74.616057],
	"Forrestal Complex" : [40.3457, -74.6143],
	"Foulke Hall" : [40.346336, -74.660914],
	"Frick Chemistry Laboratory" : [40.344016, -74.650691],
	"Friend Center" : [40.350348, -74.652684],
	"Frist Campus Center" : [40.346734, -74.655155],
	"GGM Office Trailer" : [40.340382, -74.653162],
	"Garage #1 Ferris Thompson" : [40.347711, -74.649532],
	"Garage #5 Ferris Thompson" : [40.348229, -74.648486],
	"Garage #6 Ferris Thompson" : [40.348176, -74.648277],
	"Garden Theatre" : [40.350693, -74.657566],
	"Gas Dynamics Laboratory" : [40.34533, -74.614409],
	"Gauss Hall" : [40.345102, -74.656689],